id,position,altitude
0,"51.66730771470351,107.10595941250756",1132
159,"51.572312327276535,105.134741436232",975
319,"56.98736865301845,40.293433611011025",1026
479,"55.31294824623087,36.20528684068843",850
